target_name,target_classification,s_ra,s_dec,calib_level,t_min,t_exptime,classification_id
NGC6864,STELLAR-CLUSTER-GLOBULAR-CLUSTER,301.52,-21.92222222222,3,55317.8420276,1260.0,34
NGC6864,STELLAR-CLUSTER-GLOBULAR-CLUSTER,301.52,-21.92222222222,3,55317.86134463,300.0,34
NGC6864,STELLAR-CLUSTER-GLOBULAR-CLUSTER,301.52,-21.92222222222,3,55317.8420276,1560.0,34
NGC6864,STELLAR-CLUSTER-GLOBULAR-CLUSTER,301.52,-21.92222222222,3,55317.8420276,1260.0,34
NGC6864,STELLAR-CLUSTER-GLOBULAR-CLUSTER,301.52,-21.92222222222,3,55317.86134463,300.0,34
NGC6864,STELLAR-CLUSTER-GLOBULAR-CLUSTER,301.52,-21.92222222222,3,55317.8420276273,1260.0,34
NGC6864,STELLAR-CLUSTER-GLOBULAR-CLUSTER,301.52,-21.92222222222,3,55317.8613446412,300.0,34
NGC6864,STELLAR-CLUSTER-GLOBULAR-CLUSTER,301.5287459453,-21.91908796731,3,52041.1376712963,7.0,34
NGC6864,STELLAR-CLUSTER-GLOBULAR-CLUSTER,301.5287459453,-21.91908796731,3,52041.1390601852,40.0,34
NGC6864,STELLAR-CLUSTER-GLOBULAR-CLUSTER,301.5287459453,-21.91908796731,3,52041.1411434838,40.0,34
NGC6864,STELLAR-CLUSTER-GLOBULAR-CLUSTER,301.5287459453,-21.91908796731,3,52041.1425324074,160.0,34
NGC6864,STELLAR-CLUSTER-GLOBULAR-CLUSTER,301.5287459453,-21.91908796731,3,52041.1453101852,160.0,34
NGC6864,STELLAR-CLUSTER-GLOBULAR-CLUSTER,301.528675581,-21.91886913631,3,53814.7925468403,1000.0,34
NGC6864,STELLAR-CLUSTER-GLOBULAR-CLUSTER,301.528675581,-21.91886913631,3,53814.8057412847,1000.0,34
NGC6864,STELLAR-CLUSTER-GLOBULAR-CLUSTER,301.528675581,-21.91886913631,3,53814.8196287037,50.0,34
NGC6864,STELLAR-CLUSTER-GLOBULAR-CLUSTER,301.528675581,-21.91886913631,3,53814.821712037,50.0,34
NGC6864,STELLAR-CLUSTER-GLOBULAR-CLUSTER,301.5286756958,-21.91886947641,3,53814.8592135069,700.0,34
NGC6864,STELLAR-CLUSTER-GLOBULAR-CLUSTER,301.5286756958,-21.91886947641,3,53814.8689357292,700.0,34
NGC6864,STELLAR-CLUSTER-GLOBULAR-CLUSTER,301.5286756958,-21.91886947641,3,53814.8793523958,900.0,34
NGC6864-M75,STELLAR-CLUSTER-GLOBULAR-CLUSTER,301.5286929127,-21.91975425436,3,54921.6918107639,5.0,34
NGC6864-M75,STELLAR-CLUSTER-GLOBULAR-CLUSTER,301.5286929127,-21.91975425436,3,54921.6931996528,100.0,34
NGC6864-M75,STELLAR-CLUSTER-GLOBULAR-CLUSTER,301.5286929127,-21.91975425436,3,54921.6952829861,100.0,34
NGC6864-M75,STELLAR-CLUSTER-GLOBULAR-CLUSTER,301.5286929127,-21.91975425436,3,54921.6973663194,100.0,34
NGC6864-M75,STELLAR-CLUSTER-GLOBULAR-CLUSTER,301.5286929127,-21.91975425436,3,54921.701534456,700.0,34
NGC6864-M75,STELLAR-CLUSTER-GLOBULAR-CLUSTER,301.5287495893,-21.91967132334,3,54921.7133400116,700.0,34
NGC6864-M75,STELLAR-CLUSTER-GLOBULAR-CLUSTER,301.528806266,-21.9195883923,3,54921.7557011227,700.0,34
NGC6864-M75,STELLAR-CLUSTER-GLOBULAR-CLUSTER,301.5286929127,-21.91975425436,3,54921.7675052083,100.0,34
NGC6864-M75,STELLAR-CLUSTER-GLOBULAR-CLUSTER,301.5286929127,-21.91975425436,3,54921.770284456,1300.0,34
NGC6864-M75,STELLAR-CLUSTER-GLOBULAR-CLUSTER,301.5286929127,-21.91975425436,3,54921.8223677894,1200.0,34
NGC6864-M75,STELLAR-CLUSTER-GLOBULAR-CLUSTER,301.5286929127,-21.91975425436,3,54921.8383400116,1200.0,34
NGC6864-M75,STELLAR-CLUSTER-GLOBULAR-CLUSTER,301.5286929127,-21.91975425436,3,54921.8883400116,1200.0,34
NGC6864-M75,STELLAR-CLUSTER-GLOBULAR-CLUSTER,301.5286929127,-21.91975425436,3,54921.9043122338,1200.0,34
NGC6864-M75,STELLAR-CLUSTER-GLOBULAR-CLUSTER,301.5286929127,-21.91975425436,3,54921.9550066782,1200.0,34
NGC6864-M75,STELLAR-CLUSTER-GLOBULAR-CLUSTER,301.5286929127,-21.91975425436,3,54921.9709789005,1200.0,34
NGC1068-KNT1-OFFSET,GALAXY-STARBURST-KNOT,40.72434416667,-0.002811777777778,2,49253.8053466782,1680.0,32
SN2018IVC,EXT-STAR-SUPERNOVA-SUPERNOVA-TYPE-IA,40.67204166667,-0.00880833333332,3,58665.13426913,840.0,6
SN2018IVC,EXT-STAR-SUPERNOVA-SUPERNOVA-TYPE-IA,40.67204166667,-0.00880833333332,3,58665.15085505,840.0,6
SN2018IVC,EXT-STAR-SUPERNOVA-SUPERNOVA-TYPE-IA,40.67204166667,-0.00880833333332,3,58665.13426913,1680.0,6
SN2018IVC,STAR-SUPERNOVA,40.67204166667,-0.00880833333332,3,59185.03439105,710.0,33
SN2018IVC,STAR-SUPERNOVA,40.67204166667,-0.00880833333332,3,59185.02822179,780.0,33
SN2018IVC,STAR-SUPERNOVA,40.67204166667,-0.00880833333332,3,59185.02822179,1490.0,33
NGC-1068,GALAXY-SEYFERT-SPIRAL,40.66987916667,-0.01328888888889,3,60297.56782165,2364.0,17
NGC-1068,GALAXY-SEYFERT-SPIRAL,40.66987916667,-0.01328888888889,3,60297.63388684,2356.0,17
NGC-1068,GALAXY-SEYFERT-SPIRAL,40.66987916667,-0.01328888888889,3,60297.56782165,4720.0,17
NGC-1068,GALAXY-SEYFERT-SPIRAL,40.66987916667,-0.01328888888889,3,60363.16623819,2364.0,17
NGC-1068,GALAXY-SEYFERT-SPIRAL,40.66987916667,-0.01328888888889,3,60363.16623819,2364.0,17
NGC-1068,GALAXY-SEYFERT-SPIRAL,40.66987916667,-0.01328888888889,3,60314.31598165,2364.0,17
NGC-1068,GALAXY-SEYFERT-SPIRAL,40.66987916667,-0.01328888888889,3,60314.38201165,2356.0,17
NGC-1068,GALAXY-SEYFERT-SPIRAL,40.66987916667,-0.01328888888889,3,60314.31598165,4720.0,17
NGC-1068,GALAXY-SEYFERT-SPIRAL,40.66987916667,-0.01328888888889,3,60319.12946641,2364.0,17
NGC-1068,GALAXY-SEYFERT-SPIRAL,40.66987916667,-0.01328888888889,3,60319.12946641,2364.0,17
NGC-1068,GALAXY-SEYFERT-SPIRAL,40.66987916667,-0.01328888888889,3,60323.34991789,2364.0,17
NGC-1068,GALAXY-SEYFERT-SPIRAL,40.66987916667,-0.01328888888889,3,60323.34991789,2364.0,17
NGC-1068,GALAXY-SEYFERT-SPIRAL,40.66987916667,-0.01328888888889,3,60365.2749767,2364.0,17
NGC-1068,GALAXY-SEYFERT-SPIRAL,40.66987916667,-0.01328888888889,3,60365.2749767,2364.0,17
NGC-1068,GALAXY-SEYFERT-SPIRAL,40.66987916667,-0.01328888888889,3,60328.29519567,2364.0,17
NGC-1068,GALAXY-SEYFERT-SPIRAL,40.66987916667,-0.01328888888889,3,60328.36123715,2356.0,17
NGC-1068,GALAXY-SEYFERT-SPIRAL,40.66987916667,-0.01328888888889,3,60328.29519567,4720.0,17
NGC-1068,GALAXY-SEYFERT-SPIRAL,40.66987916667,-0.01328888888889,3,60330.33895715,2364.0,17
NGC-1068,GALAXY-SEYFERT-SPIRAL,40.66987916667,-0.01328888888889,3,60330.33895715,2364.0,17
NGC-1068,GALAXY-SEYFERT-SPIRAL,40.66987916667,-0.01328888888889,3,60368.17473374,2364.0,17
NGC-1068,GALAXY-SEYFERT-SPIRAL,40.66987916667,-0.01328888888889,3,60368.17473374,2364.0,17
NGC-1068,GALAXY-SEYFERT-SPIRAL,40.66987916667,-0.01328888888889,3,60342.46783456,2364.0,17
NGC-1068,GALAXY-SEYFERT-SPIRAL,40.66987916667,-0.01328888888889,3,60342.53386456,2356.0,17
NGC-1068,GALAXY-SEYFERT-SPIRAL,40.66987916667,-0.01328888888889,3,60342.46783456,4720.0,17
NGC-1068,GALAXY-SEYFERT-SPIRAL,40.66987916667,-0.01328888888889,3,60350.11547448,2364.0,17
NGC-1068,GALAXY-SEYFERT-SPIRAL,40.66987916667,-0.01328888888889,3,60350.11547448,2364.0,17
NGC-1068,GALAXY-SEYFERT-SPIRAL,40.66987916667,-0.01328888888889,3,60357.16913189,2364.0,17
NGC-1068,GALAXY-SEYFERT-SPIRAL,40.66987916667,-0.01328888888889,3,60357.23515041,2356.0,17
NGC-1068,GALAXY-SEYFERT-SPIRAL,40.66987916667,-0.01328888888889,3,60357.16913189,4720.0,17
NGC1068,GALAXY-DISK-SPIRAL-STAR-FORMING-REGION,40.66962,-0.01328888888889,3,60569.73526292,2075.0,8
NGC1068,GALAXY-DISK-SPIRAL-STAR-FORMING-REGION,40.66962,-0.01328888888889,3,60569.729337,1000.0,8
NGC1068,GALAXY-DISK-SPIRAL-STAR-FORMING-REGION,40.66962,-0.01328888888889,3,60569.72342255,1050.0,8
NGC1068,GALAXY-DISK-SPIRAL-STAR-FORMING-REGION,40.66962,-0.01328888888889,3,60569.74561033,625.0,8
NGC1068,GALAXY-DISK-SPIRAL-STAR-FORMING-REGION,40.66962,-0.01328888888889,3,60569.719117,749.0,8
NGC1068,GALAXY-DISK-SPIRAL-STAR-FORMING-REGION,40.66962,-0.01328888888889,3,60569.719117,5499.0,8
NGC1068,GALAXY-DISK-SPIRAL-STAR-FORMING-REGION,40.66962,-0.01328888888889,3,60564.84959144,2020.0,8
NGC1068,GALAXY-DISK-SPIRAL-STAR-FORMING-REGION,40.66962,-0.01328888888889,3,60564.84959144,2020.0,8
NGC1068-OFF,GALAXY-SEYFERT-SPIRAL,40.71020833333,-0.02798888888889,3,52647.7779628,300.7955,17
NGC1068-OFF,GALAXY-SEYFERT-SPIRAL,40.71020833333,-0.02798888888889,3,52647.7779628,300.7955,17
NGC1068,GALAXY-SPIRAL-NUCLEUS,40.669625,-0.01328055555556,3,52938.9680267,700.0,20
NGC1068,GALAXY-SPIRAL-NUCLEUS,40.669625,-0.01328055555556,3,52938.964543,120.0,20
NGC1068,GALAXY-SPIRAL-NUCLEUS,40.669625,-0.01328055555556,3,52938.9680267,820.0,20
NGC1068-OFF,GALAXY-SEYFERT-SPIRAL,40.71020833333,-0.02798888888889,3,52647.7779628,300.7955,17
NGC1068,GALAXY-SPIRAL-NUCLEUS,40.669625,-0.01328055555556,3,52938.9680267,700.0,20
NGC1068,GALAXY-DISK-SPIRAL-STAR-FORMING-REGION,40.66962,-0.01328888888889,3,60569.73526292,2075.0,8
NGC1068,GALAXY-DISK-SPIRAL-STAR-FORMING-REGION,40.66962,-0.01328888888889,3,60569.729337,1000.0,8
NGC1068,GALAXY-DISK-SPIRAL-STAR-FORMING-REGION,40.66962,-0.01328888888889,3,60569.72342255,1050.0,8
NGC1068,GALAXY-DISK-SPIRAL-STAR-FORMING-REGION,40.66962,-0.01328888888889,3,60569.74561033,625.0,8
NGC1068,GALAXY-DISK-SPIRAL-STAR-FORMING-REGION,40.66962,-0.01328888888889,3,60564.84959144,2020.0,8
NGC1068,GALAXY-DISK-SPIRAL-STAR-FORMING-REGION,40.66962,-0.01328888888889,3,60569.719117,749.0,8
NGC1068-OFF,GALAXY-SEYFERT-SPIRAL,40.71020833333,-0.02798888888889,3,52647.7779628,300.7955,17
NGC1068,GALAXY-SPIRAL-NUCLEUS,40.669625,-0.01328055555556,3,52938.9680267,700.0,20
NGC1068,GALAXY-SPIRAL-NUCLEUS,40.669625,-0.01328055555556,3,52938.964543,120.0,20
NGC1068,GALAXY-DISK-SPIRAL-STAR-FORMING-REGION,40.66962,-0.01328888888889,3,60569.73526292,2075.0,8
NGC1068,GALAXY-DISK-SPIRAL-STAR-FORMING-REGION,40.66962,-0.01328888888889,3,60569.729337,1000.0,8
NGC1068,GALAXY-DISK-SPIRAL-STAR-FORMING-REGION,40.66962,-0.01328888888889,3,60569.72342255,1050.0,8
NGC1068,GALAXY-DISK-SPIRAL-STAR-FORMING-REGION,40.66962,-0.01328888888889,3,60569.74561033,625.0,8
NGC1068,GALAXY-DISK-SPIRAL-STAR-FORMING-REGION,40.66962,-0.01328888888889,3,60564.84959144,2020.0,8
NGC1068,GALAXY-DISK-SPIRAL-STAR-FORMING-REGION,40.66962,-0.01328888888889,3,60569.719117,749.0,8
SN2018IVC,EXT-STAR-SUPERNOVA-SUPERNOVA-TYPE-IA,40.67204166667,-0.00880833333332,3,58665.1342691319,840.0,6
SN2018IVC,EXT-STAR-SUPERNOVA-SUPERNOVA-TYPE-IA,40.67204166667,-0.00880833333332,3,58665.1508550579,840.0,6
SN2018IVC,STAR-SUPERNOVA,40.67204166667,-0.00880833333332,3,59185.028221794,780.0,33
SN2018IVC,STAR-SUPERNOVA,40.67204166667,-0.00880833333332,3,59185.0343910532,1065.0,33
NGC1068,GALAXY-DISK-SPIRAL-STAR-FORMING-REGION,40.66962,-0.01328888888889,3,60569.7191170139,749.0,8
NGC1068,GALAXY-DISK-SPIRAL-STAR-FORMING-REGION,40.66962,-0.01328888888889,3,60569.7234225347,1050.0,8
NGC1068,GALAXY-DISK-SPIRAL-STAR-FORMING-REGION,40.66962,-0.01328888888889,3,60569.7293370023,1000.0,8
NGC1068,GALAXY-DISK-SPIRAL-STAR-FORMING-REGION,40.66962,-0.01328888888889,3,60569.7352629282,2075.0,8
NGC1068,GALAXY-DISK-SPIRAL-STAR-FORMING-REGION,40.66962,-0.01328888888889,3,60569.7456103356,625.0,8
NGC1068,GALAXY-DISK-SPIRAL-STAR-FORMING-REGION,40.66962,-0.01328888888889,3,60564.8495914352,2020.0,8
NGC1068-NUC,GALAXY-SEYFERT-SPIRAL,40.67845833333,-0.01875833333333,3,52647.7638657755,0.7955,17
NGC1068-NUC,GALAXY-SEYFERT-SPIRAL,40.67845833333,-0.01875833333333,3,52647.7666665162,150.0,17
NGC1068-NUC,GALAXY-SEYFERT-SPIRAL,40.67847922515,-0.01882898034954,3,52647.7751850347,0.7955,17
NGC1068-NUC,GALAXY-SEYFERT-SPIRAL,40.67847922515,-0.01882898034954,3,52647.7779628125,300.0,17
NGC1068-NUC,GALAXY-SEYFERT-SPIRAL,40.67842764286,-0.01882491772298,3,52647.7870601852,0.7955,17
NGC1068,GALAXY-SPIRAL-NUCLEUS,40.669625,-0.01328055555556,3,52938.9680267014,700.0,20
NGC1068,GALAXY-SEYFERT-STARBURST-SPIRAL,40.67022774269,-0.01439444966463,3,50732.50061343,288.0,18
NGC1068,GALAXY-SEYFERT-STARBURST-SPIRAL,40.67022774269,-0.01439444966463,3,50732.5020426736,288.0,18
NGC1068,GALAXY-SEYFERT-STARBURST-SPIRAL,40.67022774269,-0.01439444966463,3,50732.5034778588,288.0,18
NGC1068,GALAXY-SEYFERT-STARBURST-SPIRAL,40.67017394743,-0.01455527055985,2,50732.4987679398,5.158,18
NGC1068,GALAXY-SEYFERT-STARBURST-SPIRAL,40.67017394743,-0.01455527055985,2,50732.4991954514,39.95282,18
NGC1068,GALAXY-SEYFERT-STARBURST-SPIRAL,40.67022307666,-0.01440860051963,2,50732.500203125,5.158,18
NGC1068,GALAXY-SEYFERT-STARBURST-SPIRAL,40.67022307666,-0.01440860051963,2,50732.5016267361,5.158,18
NGC1068,GALAXY-SEYFERT-STARBURST-SPIRAL,40.67022307666,-0.01440860051963,2,50732.5030619213,5.158,18
NGC1068,GALAXY-SEYFERT-STARBURST-SPIRAL,40.67032061748,-0.0146043997828,2,50732.5047632755,5.158,18
NGC1068,GALAXY-SEYFERT-STARBURST-SPIRAL,40.67032061748,-0.0146043997828,2,50732.5061868866,5.158,18
NGC1068,GALAXY-SEYFERT-STARBURST-SPIRAL,40.67032061748,-0.0146043997828,2,50732.5076221065,5.158,18
NGC1068,GALAXY-SEYFERT-STARBURST-SPIRAL,40.67012481821,-0.01470194060008,2,50732.5093234954,5.158,18
NGC1068,GALAXY-SEYFERT-STARBURST-SPIRAL,40.67012481821,-0.01470194060008,2,50732.5109322917,5.158,18
NGC1068,GALAXY-SEYFERT-STARBURST-SPIRAL,40.67012481821,-0.01470194060008,2,50732.5143813657,5.158,18
NGC1068,GALAXY-SEYFERT-STARBURST-SPIRAL,40.67002727739,-0.01450614133682,2,50732.5162563657,5.158,18
NGC1068,GALAXY-SEYFERT-STARBURST-SPIRAL,40.67002727739,-0.01450614133682,2,50732.517865162,5.158,18
NGC1068,GALAXY-SEYFERT-STARBURST-SPIRAL,40.67002727739,-0.01450614133682,2,50732.5194855324,5.158,18
NGC1068,GALAXY-SEYFERT-STARBURST-SPIRAL,40.66854099254,-0.0139909162598,3,50767.65805556,512.0,18
NGC1068,GALAXY-SEYFERT-STARBURST-SPIRAL,40.66854099254,-0.0139909162598,3,50767.6601792477,512.0,18
NGC1068,GALAXY-SEYFERT-STARBURST-SPIRAL,40.66854099254,-0.0139909162598,3,50767.6623551736,512.0,18
NGC1068,GALAXY-SEYFERT-STARBURST-SPIRAL,40.66838113502,-0.01393432249377,2,50767.6561637384,5.158,18
NGC1068,GALAXY-SEYFERT-STARBURST-SPIRAL,40.66838113502,-0.01393432249377,2,50767.6565912847,39.95282,18
NGC1068,GALAXY-SEYFERT-STARBURST-SPIRAL,40.66852692531,-0.0139860039498,2,50767.6575989236,5.158,18
NGC1068,GALAXY-SEYFERT-STARBURST-SPIRAL,40.66852692531,-0.0139860039498,2,50767.6597632755,5.158,18
NGC1068,GALAXY-SEYFERT-STARBURST-SPIRAL,40.66852692531,-0.0139860039498,2,50767.6619392014,5.158,18
NGC1068,GALAXY-SEYFERT-STARBURST-SPIRAL,40.66832945356,-0.01408011278268,2,50767.664381331,5.158,18
NGC1068,GALAXY-SEYFERT-STARBURST-SPIRAL,40.66832945356,-0.01408011278268,2,50767.6665456829,5.158,18
NGC1068,GALAXY-SEYFERT-STARBURST-SPIRAL,40.66832945356,-0.01408011278268,2,50767.6687216435,5.158,18
NGC1068,GALAXY-SEYFERT-STARBURST-SPIRAL,40.66823534473,-0.01388264103764,2,50767.6711637384,5.158,18
NGC1068,GALAXY-SEYFERT-STARBURST-SPIRAL,40.66823534473,-0.01388264103764,2,50767.6733280903,5.158,18
NGC1068,GALAXY-SEYFERT-STARBURST-SPIRAL,40.66823534473,-0.01388264103764,2,50767.6755040162,5.158,18
NGC1068,GALAXY-SEYFERT-STARBURST-SPIRAL,40.66843281648,-0.01378853220484,2,50767.6779461458,5.158,18
NGC1068,GALAXY-SEYFERT-STARBURST-SPIRAL,40.66843281648,-0.01378853220484,2,50767.6801105671,5.158,18
NGC1068,GALAXY-SEYFERT-STARBURST-SPIRAL,40.66843281648,-0.01378853220484,2,50767.6822864236,5.158,18
NGC1068,GALAXY-SEYFERT-SPIRAL,40.66963133365,-0.01328668895293,3,50864.8542895023,768.0,17
NGC1068,GALAXY-SEYFERT-SPIRAL,40.66959182286,-0.01335750005394,3,50865.1473457986,384.0,17
NGC1068,GALAXY-SEYFERT-SPIRAL,40.66959181565,-0.01335751081855,3,50865.1936073727,384.0,17
NGC1068,GALAXY-SEYFERT-SPIRAL,40.66959182286,-0.01335750005394,3,50865.2575657755,384.0,17
NGC1068,GALAXY-SEYFERT-SPIRAL,40.66959157684,-0.01335734085932,3,50865.26530093,384.0,17
NGC1068,GALAXY-SEYFERT-SPIRAL,40.66963322379,-0.01329495686917,3,50865.3247649653,1024.0,17
NGC1068,GALAXY-SEYFERT-SPIRAL,40.66963322361,-0.01329495713727,3,50865.3409685995,1024.0,17
NGC1068,GALAXY-SEYFERT-SPIRAL,40.66959198506,-0.01335058409571,3,50865.3920094097,384.0,17
NGC1068,GALAXY-SEYFERT-SPIRAL,40.66959348279,-0.01335158237409,3,50865.3997177431,384.0,17
NGC1068,GALAXY-SEYFERT-SPIRAL,40.66963322379,-0.01329495686917,3,50865.4591860764,1024.0,17
NGC1068,GALAXY-SEYFERT-SPIRAL,40.66963322379,-0.01329495686917,3,50865.4753898148,1024.0,17
NGC1068,GALAXY-SEYFERT-SPIRAL,40.66963108538,-0.01328651262218,3,50865.52643519,1024.0,17
NGC1068,GALAXY-SEYFERT-SPIRAL,40.66963108538,-0.01328651262218,3,50865.5426228356,1024.0,17
NGC1068,GALAXY-SEYFERT-SPIRAL,40.66921827461,-0.01262771062235,3,50828.6402271181,1024.0,17
NGC1068,GALAXY-SEYFERT-SPIRAL,40.66922665001,-0.01261301143283,3,50828.6564308218,1024.0,17
NGC1068,GALAXY-SEYFERT-SPIRAL,40.66963924153,-0.0132926669329,3,50865.5936413542,1024.0,17
NGC1068,GALAXY-SEYFERT-SPIRAL,40.66963108538,-0.01328651262218,3,50865.6098450579,1024.0,17
NGC1068,GALAXY-SPIRAL,40.66966825618,-0.01406652788668,3,54377.33006944,959.84497,19
NGC1068,GALAXY-SPIRAL,40.66967332926,-0.0140733027056,3,54377.332166088,1343.968994,19
NGC1068,GALAXY-SEYFERT-NLR,40.66954166667,-0.01347222222222,1,51040.8119318287,0.7,16
NGC1068-OFFSET,GALAXY-SPIRAL-SEYFERT-NLR-JET,40.669625,-0.01338055555556,1,51443.5936721065,12.1,24
NGC1068-SEQ1,GALAXY-SPIRAL-SEYFERT-NLR-JET,40.66960415216,-0.01327874881109,3,51809.1170582986,2294.0,24
NGC1068-SEQ2,GALAXY-SPIRAL-SEYFERT-NLR-JET,40.66959258292,-0.0133126843926,3,51809.3286323727,1412.0,24
NGC1068-OFFSET,GALAXY-SPIRAL-SEYFERT-NLR-JET,40.669625,-0.01338055555556,1,51809.1121746181,12.1,24
NGC1068-HOTSPOT,GALAXY-SEYFERT-HOTSPOT,40.66962916667,-0.01328055555556,3,51557.1102631134,600.0,14
NGC1068-HOTSPOT,GALAXY-SEYFERT-HOTSPOT,40.66961696535,-0.01334992118785,3,51557.1643601505,720.0,14
NGC1068-HOTSPOT,GALAXY-SEYFERT-HOTSPOT,40.66960476403,-0.01341928682012,3,51557.1740131134,720.0,14
NGC1068-HOTSPOT,GALAXY-SEYFERT-HOTSPOT,40.66962916667,-0.01328055555556,3,51557.2314553241,800.0,14
NGC1068-HOTSPOT,GALAXY-SEYFERT-HOTSPOT,40.66961696535,-0.01334992118785,3,51557.242033831,846.0,14
NGC1068-HOTSPOT,GALAXY-SEYFERT-HOTSPOT,40.66960476403,-0.01341928682012,3,51557.2531449421,960.0,14
NGC1068-HOTSPOT,GALAXY-SEYFERT-HOTSPOT,40.66962916667,-0.01328055555556,3,51557.2985616088,720.0,14
NGC1068-HOTSPOT,GALAXY-SEYFERT-HOTSPOT,40.66961696535,-0.01334992118785,3,51557.3092331018,720.0,14
NGC1068-HOTSPOT,GALAXY-SEYFERT-HOTSPOT,40.66960476403,-0.01341928682012,3,51557.3199042014,821.0,14
NGC1068-HOTSPOT,GALAXY-SEYFERT-HOTSPOT,40.66962916667,-0.01328055555556,1,51557.1047782755,4.1,14
NGC1068,GALAXY-SEYFERT-,40.66352635645,-0.01920367548179,3,49689.5661695949,500.0,12
NGC1068,GALAXY-SPIRAL-SEYFERT-NUCLEUS-BLR-NLR-,40.66171850583,-0.01707816262338,3,49734.2092240394,140.0,27
NGC1068,GALAXY-SPIRAL-SEYFERT-NUCLEUS-BLR-NLR-,40.66171850583,-0.01707816262338,3,49734.2120032755,300.0,27
NGC1068,GALAXY-SPIRAL-SEYFERT-NUCLEUS-BLR-NLR-,40.66171850583,-0.01707816262338,3,49734.2182532755,300.0,27
NGC1068,GALAXY-SPIRAL-SEYFERT-NUCLEUS-BLR-NLR-,40.66171850583,-0.01707816262338,3,49734.223808831,600.0,27
NGC1068,GALAXY-SPIRAL-SEYFERT-NUCLEUS-BLR-NLR-,40.66171850583,-0.01707816262338,3,49734.2710310532,300.0,27
NGC1068,GALAXY-SPIRAL-SEYFERT-NUCLEUS-BLR-NLR-,40.66171850583,-0.01707816262338,3,49734.2765866088,600.0,27
NGC1068,GALAXY-SPIRAL-SEYFERT-NUCLEUS-BLR-NLR-,40.66171850583,-0.01707816262338,3,49734.286308831,600.0,27
NGC1068,GALAXY-SPIRAL-SEYFERT-NUCLEUS-BLR-NLR-,40.66171850583,-0.01707816262338,3,49734.3376977199,1200.0,27
NGC1068,GALAXY-SPIRAL-SEYFERT-NUCLEUS-BLR-NLR-,40.66171850583,-0.01707816262338,3,49734.3543643866,600.0,27
NGC1068,GALAXY-SPIRAL-SEYFERT-NUCLEUS-BLR-NLR-,40.66171850583,-0.01707816262338,3,49734.405058831,1200.0,27
NGC1068,GALAXY-SPIRAL-SEYFERT-NUCLEUS-BLR-NLR-,40.66171850583,-0.01707816262338,3,49734.4217254977,300.0,27
NGC1068,GALAXY-SPIRAL-SEYFERT-NUCLEUS-BLR-NLR-,40.66171850583,-0.01707816262338,3,49734.4272810532,600.0,27
NGC1068,GALAXY-SPIRAL-SEYFERT-NUCLEUS-BLR-NLR-,40.66171850583,-0.01707816262338,3,49734.4717254977,800.0,27
NGC1068,GALAXY-SPIRAL-SEYFERT-NUCLEUS-BLR-NLR-,40.66171850583,-0.01707816262338,3,49734.4828366088,1600.0,27
NGC1068,GALAXY-SPIRAL-SEYFERT-NUCLEUS-BLR-NLR-,40.66171850583,-0.01707816262338,3,49734.5390851505,140.0,27
NGC1068,GALAXY-SPIRAL-SEYFERT-NUCLEUS-BLR-NLR-,40.66171850583,-0.01707816262338,3,49734.5418643866,300.0,27
NGC1068-NUC,GALAXY-NUCLEUS-,40.66456773944,-0.02059658835892,3,50041.5772808218,1200.0,9
NGC1068-NUC,GALAXY-NUCLEUS-,40.66456773944,-0.02059658835892,3,50041.593253044,1200.0,9
NGC1068-NUC,GALAXY-NUCLEUS-,40.66456773944,-0.02059658835892,3,50041.6425585995,2300.0,9
NGC1068-NUC,GALAXY-NUCLEUS-,40.66456773944,-0.02059658835892,3,50041.7092252662,1100.0,9
NGC1068-NUC,GALAXY-NUCLEUS-,40.66456773944,-0.02059658835892,3,50041.724503044,1200.0,9
NGC1068-NUC,GALAXY-NUCLEUS-,40.66456773944,-0.02059658835892,3,50041.7883919329,600.0,9
NGC1068,GALAXY-SPIRAL,40.67684035253,-0.008914288963874,3,52090.0640608449,160.0,19
NGC1068,GALAXY-SPIRAL,40.67684035253,-0.008914288963874,3,52090.066840081,400.0,19
NGC1068,GALAXY-BULGE,40.67756514347,-0.01061004415649,3,54328.1217239931,400.0,7
NGC1068,GALAXY-BULGE,40.67756514347,-0.01061004415649,3,54328.1279739931,400.0,7
NGC1068,GALAXY-SEYFERT-,40.6697641666667,-0.0132727777777778,2,48129.6578074074,900.0,12
NGC1068,GALAXY-SEYFERT-,40.6697641666667,-0.0132727777777778,2,48129.6744726505,180.0,12
NGC1068-NUC,GALAXY-SPIRAL-SEYFERT-NUCLEUS-,40.6698647222222,-0.0131397222222222,2,48626.3738153588,400.0,25
NGC1068-NUC,GALAXY-SPIRAL-SEYFERT-NUCLEUS-,40.6698647222222,-0.0131397222222222,2,48626.383537581,400.0,25
NGC1068-NUC,GALAXY-SPIRAL-SEYFERT-NUCLEUS-,40.6698647222222,-0.0131397222222222,2,48626.4300653588,400.0,25
NGC1068-NUC,GALAXY-SPIRAL-SEYFERT-NUCLEUS-,40.6698647222222,-0.0131397222222222,2,48626.439787581,400.0,25
NGC1068-NUC,GALAXY-SPIRAL-SEYFERT-NUCLEUS-,40.6698647222222,-0.0131397222222222,2,48626.4967320255,400.0,25
NGC1068-NUC,GALAXY-SPIRAL-SEYFERT-NUCLEUS-,40.6698647222222,-0.0131397222222222,2,48626.5064542477,400.0,25
NGC1068-NUC,GALAXY-SPIRAL-SEYFERT-NUCLEUS-,40.6698647222222,-0.0131397222222222,2,48626.5633986921,600.0,25
NGC1068-NUC,GALAXY-SPIRAL-SEYFERT-NUCLEUS-,40.6698647222222,-0.0131397222222222,2,48626.5752042477,600.0,25
NGC1068-NUC,GALAXY-SPIRAL-SEYFERT-NUCLEUS-,40.6698647222222,-0.0131397222222222,2,48626.6300653588,500.0,25
NGC1068-NUC,GALAXY-SPIRAL-SEYFERT-NUCLEUS-,40.6698647222222,-0.0131397222222222,2,48626.6404820255,500.0,25
KSPOTS,CALIBRATION-KSPOTS,0.0,0.0,2,48941.4314577894,0.3,2
INTFLAT,CALIBRATION-FLAT-FIELD,0.0,0.0,2,48626.4085361458,7.0,1
INTFLAT,CALIBRATION-FLAT-FIELD,0.0,0.0,2,48626.4133972569,35.0,1
NGC1068-NUC,GALAXY-SEYFERT-,40.669375,-0.0132222222222222,2,48941.4217355671,120.0,12
NGC1068-NUC,GALAXY-SEYFERT-,40.669375,-0.0132222222222222,2,48941.4272911227,120.0,12
HI-LAT,UNIDENTIFIED-HIGH-LATITUDE-FIELD,40.6757083333333,-0.0328416666666667,2,49253.6842202894,1200.0,35
HI-LAT,UNIDENTIFIED-HIGH-LATITUDE-FIELD,40.6757083333333,-0.0328416666666667,2,49253.7411647338,2100.0,35
HI-LAT,UNIDENTIFIED-HIGH-LATITUDE-FIELD,40.6757083333333,-0.0328416666666667,2,49253.8043591782,2100.0,35
EARTH-CALIB,CALIBRATION-FLAT-FIELD,0.0,0.0,1,49253.8418577199,0.109999999404,1
EARTH-CALIB,CALIBRATION-FLAT-FIELD,0.0,0.0,1,49253.8432466088,0.109999999404,1
EARTH-CALIB,CALIBRATION-FLAT-FIELD,0.0,0.0,1,49253.8460243866,30.0,1
EARTH-CALIB,CALIBRATION-FLAT-FIELD,0.0,0.0,1,49253.8474132755,30.0,1
EARTH-CALIB,CALIBRATION-FLAT-FIELD,0.0,0.0,1,49253.8494966088,0.2000000029802,1
EARTH-CALIB,CALIBRATION-FLAT-FIELD,0.0,0.0,1,49253.8508854977,0.2000000029802,1
NGC1068,GALAXY-SPIRAL-SEYFERT-,40.66969773451,-0.01326702909055,2,48516.4594193287,1495.875,21
NGC1068,GALAXY-SPIRAL-SEYFERT-,40.66969773451,-0.01326702909055,2,48516.5250096065,1195.875,21
NGC1068,GALAXY-SPIRAL-SEYFERT-,40.66969773451,-0.01326702909055,2,48516.5915721065,1195.875,21
NGC1068,GALAXY-SPIRAL-SEYFERT-,40.66969773451,-0.01326702909055,2,48546.1302065625,995.875,21
NGC1068,GALAXY-SPIRAL-SEYFERT-,40.66969773451,-0.01326702909055,2,48546.1901487269,995.875,21
NGC1068,GALAXY-SPIRAL-SEYFERT-,40.66969773451,-0.01326702909055,2,48546.2047898958,1195.875,21
NGC1068,GALAXY-SPIRAL-SEYFERT-,40.66969773451,-0.01326702909055,2,48546.2572551736,792.25,21
NGC1068,GALAXY-SPIRAL-SEYFERT-,40.66969773451,-0.01326702909055,2,48546.3245237268,934.25,21
NGC1068,GALAXY-SPIRAL-SEYFERT-,40.66969773451,-0.01326702909055,2,48546.3914681366,989.25,21
NGC1068,GALAXY-SPIRAL-SEYFERT-,40.66969773451,-0.01326702909055,2,48519.7459355671,1195.875,21
NGC1068,GALAXY-SPIRAL-SEYFERT-STARBURST-,40.66969773451,-0.01326702909055,2,49260.4391190625,1795.625,28
NGC1068,GALAXY-SPIRAL-SEYFERT-STARBURST-,40.66969773451,-0.01326702909055,2,49260.4979848032,1795.625,28
NGC1068,GALAXY-SPIRAL-SEYFERT-STARBURST-,40.66969773451,-0.01326702909055,2,49260.565450081,1795.625,28
NGC1068,GALAXY-SPIRAL-SEYFERT-STARBURST-,40.66969773451,-0.01326702909055,2,49260.6318621181,1795.625,28
NGC1068,GALAXY-SPIRAL-SEYFERT-STARBURST-,40.66969773451,-0.01326702909055,2,49260.699350544,1795.625,28
NGC1068,GALAXY-SPIRAL-SEYFERT-STARBURST-,40.66969773451,-0.01326702909055,2,49260.7657626157,1795.625,28
NGC1068,GALAXY-SEYFERT-JET-,40.66957270132,-0.01327774696891,2,49362.0950205208,296.0,15
NGC1068,GALAXY-SEYFERT-JET-,40.66957270132,-0.01327774696891,2,49362.1623121875,1196.0,15
NGC1068,GALAXY-SEYFERT-JET-,40.66957270132,-0.01327774696891,2,49362.2240482986,1196.0,15
NGC1068,GALAXY-SEYFERT-JET-,40.66957270132,-0.01327774696891,2,49362.2916987616,1196.0,15
NGC1068,GALAXY-SEYFERT-JET-,40.66957270132,-0.01327774696891,2,49362.3581223727,1196.0,15
NGC1068,GALAXY-SEYFERT-JET-,40.66957270132,-0.01327774696891,2,49362.4254834838,1196.0,15
NGC1068,GALAXY-SEYFERT-JET-,40.66957270132,-0.01327774696891,2,49775.9021562847,1995.625,15
NGC1068,GALAXY-SEYFERT-JET-,40.66957270132,-0.01327774696891,2,49775.9626076736,1796.625,15
NGC1068,GALAXY-SEYFERT-JET-,40.66957270132,-0.01327774696891,2,49775.9875960995,304.625,15
NGC1068,GALAXY-SEYFERT-JET-,40.66957270132,-0.01327774696891,2,49776.0290891551,1488.625,15
NGC1068,GALAXY-SEYFERT-JET-,40.66957270132,-0.01327774696891,2,49776.0505706366,654.625,15
NGC1068,GALAXY-SEYFERT-JET-,40.66957270132,-0.01327774696891,2,49776.0961146181,1138.625,15
NGC1068,GALAXY-SEYFERT-JET-,40.66957270132,-0.01327774696891,2,49776.1130127662,1050.625,15
NGC1068,GALAXY-SEYFERT-JET-,40.66957270132,-0.01327774696891,2,49776.163140081,742.625,15
NGC1068,GALAXY-SEYFERT-JET-,40.66957270132,-0.01327774696891,2,49776.1747951736,1503.625,15
NGC1068,GALAXY-SEYFERT-JET-,40.66957270132,-0.01327774696891,2,49776.2313923958,1796.625,15
NGC1068,GALAXY-SEYFERT-JET-,40.66957270132,-0.01327774696891,2,49776.2552465625,341.625,15
NGC1068,GALAXY-SEYFERT-JET-,40.66957270132,-0.01327774696891,2,49776.2971562847,1451.625,15
NGC1068,GALAXY-SEYFERT-JET-,40.66957270132,-0.01327774696891,2,49776.3175498032,748.625,15
NGC1068,GALAXY-SEYFERT-JET-,40.66957270132,-0.01327774696891,2,49776.3641933218,1044.625,15
NGC1068,GALAXY-SEYFERT-JET-,40.66957270132,-0.01327774696891,2,49776.3793437847,1201.625,15
NGC1068,GALAXY-SEYFERT-JET-,40.66957270132,-0.01327774696891,2,49776.4326076736,591.625,15
NGC1068,GALAXY-SEYFERT-JET-,40.66957270132,-0.01327774696891,2,49776.4430474884,1608.625,15
NGC1068,GALAXY-SEYFERT-JET-,40.66957270132,-0.01327774696891,2,49776.5039039699,1796.625,15
NGC1068,GALAXY-SEYFERT-JET-,40.66954166667,-0.013275,2,49656.3828275463,297.625,15
NGC1068,GALAXY-SEYFERT-JET-,40.6695416666667,-0.0132749999999999,1,49656.4000266204,477.625,15
NGC1068,GALAXY-SEYFERT-JET-,40.669263959589,-0.0132812671323155,1,49656.4066469907,477.625,15
NGC1068,GALAXY-SEYFERT-JET-,40.6695416666667,-0.0132749999999999,1,49656.449181713,597.625,15
NGC1068,GALAXY-SEYFERT-JET-,40.6698193736842,-0.0132687301985541,1,49656.4571909722,597.625,15
NGC1068,GALAXY-SEYFERT-JET-,40.6700970807016,-0.0132624603967972,1,49656.4652002315,597.625,15
NGC1068,GALAXY-SEYFERT-JET-,40.6695416666667,-0.0132749999999999,1,49656.5162071759,627.625,15
NGC1068,GALAXY-SEYFERT-JET-,40.6696110934285,-0.0132734328786483,1,49656.5266469907,627.625,15
NGC1068,GALAXY-SEYFERT-JET-,40.6696805201903,-0.0132718657572788,1,49656.5370868056,627.625,15
NGC1068,GALAXY-SPIRAL-SEYFERT-NLR-,40.6694330996488,-0.0125971292707412,1,50374.3918844907,627.0,23
NGC1068,GALAXY-SPIRAL-SEYFERT-NLR-,40.6694881930628,-0.0128693885115982,1,50374.4439215278,627.0,23
NGC1068,GALAXY-SPIRAL-SEYFERT-NLR-,40.6695432865802,-0.0131416480495457,1,50374.4544770833,627.0,23
NGC1068,GALAXY-SPIRAL-SEYFERT-NLR-,40.6695983800779,-0.0134139074966591,1,50374.5112479167,687.0,23
NGC1068,GALAXY-SPIRAL-SEYFERT-NLR-,40.669653473539,-0.0136861669400865,1,50374.5223821759,687.0,23
NGC1068,GALAXY-SPIRAL-SEYFERT-NLR-,40.6697085670003,-0.0139584263835033,1,50374.5335164352,687.0,23
NGC1068,GALAXY-SEYFERT,40.66923424852,-0.01371047817538,1,48432.0750370023,3.0,11
NGC1068,GALAXY-SEYFERT,40.66954583333,-0.01347777777778,1,48432.2066447106,64.0,11
NGC1068-CLOUD1,GALAXY-SEYFERT,40.6695625,-0.01343333333333,1,48432.3452789005,64.0,11
NGC1068-CLOUD2,GALAXY-SEYFERT,40.6697,-0.01336388888889,1,48432.556181794,64.0,11
NGC1068,GALAXY-SEYFERT,40.66967974896,-0.01384288210941,1,48432.7444351852,3.0,11
NGC1068,GALAXY-SEYFERT,40.66954583333,-0.01347777777778,1,48432.8281594097,64.0,11
NGC1068-CLOUD1,GALAXY-SEYFERT,40.6695625,-0.01343333333333,1,48432.9473493056,64.0,11
NGC1068-CLOUD2,GALAXY-SEYFERT,40.6697,-0.01336388888889,1,48433.0278701042,64.0,11
NGC1068,GALAXY-SEYFERT-GALAXY,40.66954166667,-0.01347222222222,1,48670.1598996181,42.0,13
NGC1068,GALAXY-SEYFERT-GALAXY,40.66954166667,-0.01347222222222,2,48670.2268973032,215.0,13
NGC1068,GALAXY-SEYFERT-GALAXY,40.66954166667,-0.01347222222222,2,48670.282706794,1699.95,13
NGC1068,GALAXY-SEYFERT-GALAXY,40.66954166667,-0.01347222222222,2,48670.3482623032,1699.95,13
NGC1068,GALAXY-SEYFERT-GALAXY,40.66954166667,-0.01347222222222,2,48670.4156003125,1699.95,13
NGC1068,GALAXY-SEYFERT-GALAXY,40.66954166667,-0.01347222222222,2,48670.4826809028,700.0,13
NGC1068,GALAXY-SEYFERT-GALAXY,40.66954166667,-0.01347222222222,1,48651.1858270833,54.0,13
NGC1068,GALAXY-SEYFERT-GALAXY,40.66954166667,-0.01347222222222,2,48651.3083564815,1699.95,13
NGC1068,GALAXY-SEYFERT-GALAXY,40.66954166667,-0.01347222222222,2,48651.3742245023,1699.95,13
NGC1068,GALAXY-SEYFERT-GALAXY,40.66954166667,-0.01347222222222,2,48651.4424073727,1699.95,13
NGC1068,GALAXY-SEYFERT-GALAXY,40.66954166667,-0.01347222222222,2,48651.5134721875,1699.95,13
NGC1068,GALAXY-SPIRAL-SEYFERT-NUCLEUS-BL,40.66954101985,-0.01308891867952,1,49047.0924633102,3.0,26
NGC1068,GALAXY-SPIRAL-SEYFERT-NUCLEUS-BL,40.66991950503,-0.01337005574672,1,49049.8379035069,4.5,26
NGC1068,EXT-MEDIUM-ABSORPTION-LINE-SYSTE,40.66959031,-0.013498067500121,1,,,4
NGC1068,EXT-MEDIUM-ABSORPTION-LINE-SYSTEM-,40.66954583333,-0.01347777777778,1,49729.9842297801,0.0,5
SPYBAL,EXT-MEDIUM-ABSORPTION-LINE-SYSTEM-,40.66954583333,-0.01347777777778,2,49730.0029739931,4.800000190735,5
NGC1068,EXT-MEDIUM-ABSORPTION-LINE-SYSTEM-,40.66954583333,-0.01347777777778,2,49730.133131713,576.0,5
SPYBAL,EXT-MEDIUM-ABSORPTION-LINE-SYSTEM-,40.66954583333,-0.01347777777778,2,49730.1381895833,4.800000190735,5
NGC1068,EXT-MEDIUM-ABSORPTION-LINE-SYSTEM-,40.66954583333,-0.01347777777778,2,49730.1386742245,21888.0,5
NGC1068-NUC-ACQ,GALAXY-NUCLEUS-,40.66956905,-0.013499777500121,1,,,9
NGC1068-NUC-ACQ,GALAXY-NUCLEUS-,40.66933333333,-0.01321666666667,1,50141.9730489583,0.0,9
NGC1068-SEQ1,GALAXY-SPIRAL-SEYFERT-NLR-JET,40.66964852594,-0.013312185107,3,51453.5971320949,2772.0,24
NGC1068-OFFSET,GALAXY-SEYFERT-NLR,40.66954166667,-0.01343333333333,3,51040.8165607292,540.0,16
NGC1068-OFFSET,GALAXY-SEYFERT-NLR,40.66954166667,-0.01343333333333,3,51040.8271047801,540.0,16
NGC1068-OFFSET,GALAXY-SEYFERT-NLR,40.66954166667,-0.01343333333333,3,51041.0139570255,2280.0,16
NGC1068-OFFSET,GALAXY-SEYFERT-NLR,40.66954166667,-0.01343333333333,3,51040.8390377662,360.0,16
NGC1068-OFFSET,GALAXY-SEYFERT-NLR,40.66954166667,-0.01343333333333,3,51040.8769429398,2304.0,16
NGC1068-OFFSET,GALAXY-SEYFERT-NLR,40.66954166667,-0.01343333333333,3,51040.9441303241,2432.0,16
NGC1068,GALAXY-SEYFERT,40.66962014399,-0.01331737850565,1,48432.8017493866,80.0,11
NGC1068-SEQ2,GALAXY-SPIRAL-SEYFERT-NLR-JET,40.66963656924,-0.01334661997409,3,51809.3114101505,1440.0,24
NGC1068-SEQ2,GALAXY-SPIRAL-SEYFERT-NLR-JET,40.66963676298,-0.01334637033129,3,51443.7263798611,2901.0,24
NGC1068-OFFSET,GALAXY-SPIRAL-SEYFERT-NLR-JET,40.669625,-0.01338055555556,1,51443.6011480324,20.0,24
NGC1068-SEQ1,GALAXY-SPIRAL-SEYFERT-NLR-JET,40.66956016584,-0.01324481322959,3,51809.1773127662,2853.0,24
NGC1068-CLOUD1,GALAXY-SEYFERT,40.6695625,-0.01343333333333,2,48432.9525445949,700.0,11
NGC1068-CLOUD1,GALAXY-SEYFERT,40.6695625,-0.01343333333333,2,48433.0024753819,600.0,11
NGC1068-CLOUD1,GALAXY-SEYFERT,40.6695625,-0.01343333333333,2,48433.0154498843,600.0,11
NGC1068-SEQ1,GALAXY-SPIRAL-SEYFERT-NLR-JET,40.66969231853,-0.01334637033126,3,51453.5299909722,2775.0,24
NGC1068,GALAXY-SEYFERT,40.66956069546,-0.01344569792335,1,48432.8138559028,160.0,11
NGC1068,GALAXY-SEYFERT,40.66954583333,-0.01347777777778,2,48432.8688871875,700.0,11
NGC1068,GALAXY-SEYFERT,40.66954583333,-0.01347777777778,2,48432.8808897801,600.0,11
NGC1068,GALAXY-SEYFERT,40.66954583333,-0.01347777777778,2,48432.9349290856,600.0,11
NGC1068-SEQ2,GALAXY-SPIRAL-SEYFERT-NLR-JET,40.66968055556,-0.01338055555555,3,51809.2627297801,1297.0,24
NGC1068-SEQ2,GALAXY-SPIRAL-SEYFERT-NLR-JET,40.66968055556,-0.01338055555555,3,51443.6592387732,2901.0,24
NGC1068-CLOUD1,GALAXY-SEYFERT,40.6695625,-0.01343333333333,2,48432.4133552894,1000.0,11
NGC1068-CLOUD1,GALAXY-SEYFERT,40.6695625,-0.01343333333333,2,48432.5320358796,1500.0,11
NGC1068-CLOUD2,GALAXY-SEYFERT,40.6697,-0.01336388888889,2,48432.6004270833,1000.0,11
NGC1068-CLOUD2,GALAXY-SEYFERT,40.6697,-0.01336388888889,2,48432.6663298958,1500.0,11
NGC1068-SEQ1,GALAXY-SPIRAL-SEYFERT-NLR-JET,40.66973611111,-0.01338055555553,3,51453.4628613426,2775.0,24
NGC1068-CLOUD3,GALAXY-SPIRAL-SEYFERT-HOTSPOT-NL,40.6697625,-0.01311388888889,2,49047.2192873843,849.975,22
NGC1068-CLOUD3,GALAXY-SPIRAL-SEYFERT-HOTSPOT-NL,40.6697625,-0.01311388888889,2,49047.2329216782,849.975,22
NGC1068-CLOUD3,GALAXY-SPIRAL-SEYFERT-HOTSPOT-NL,40.6697625,-0.01311388888889,2,49047.2865797106,999.99,22
NGC1068,GALAXY-SEYFERT-GALAXY,40.66954166667,-0.01347222222222,2,48670.2357165162,430.0,13
NGC1068-SEQ2,GALAXY-SPIRAL-SEYFERT-NLR-JET,40.66972454188,-0.01341449113701,3,51809.2444079514,1440.0,24
NGC1068-SEQ2,GALAXY-SPIRAL-SEYFERT-NLR-JET,40.66972434814,-0.01341474077981,3,51443.6047017361,1819.0,24
NGC1068,GALAXY-SPIRAL-SEYFERT-NUCLEUS-BL,40.66951488659,-0.01346068101396,1,49049.9116064005,240.0,26
NGC1068,GALAXY-SEYFERT,40.6695808231,-0.01348284891845,1,48432.1484015856,160.0,11
NGC1068,GALAXY-SEYFERT,40.66954583333,-0.01347777777778,2,48432.2119548958,1000.0,11
NGC1068,GALAXY-SEYFERT,40.66954583333,-0.01347777777778,2,48432.2743160069,1500.0,11
NGC1068,GALAXY-SEYFERT-GALAXY,40.66950940829,-0.01345775165773,1,48670.2145271991,160.0,13
NGC1068-CLOUD2,GALAXY-SEYFERT,40.6697,-0.01336388888889,2,48433.0738871875,700.0,11
NGC1068-CLOUD2,GALAXY-SEYFERT,40.6697,-0.01336388888889,2,48433.0858897801,600.0,11
NGC1068-CLOUD2,GALAXY-SEYFERT,40.6697,-0.01336388888889,2,48433.1422670949,600.0,11
NGC1068,GALAXY-SEYFERT-GALAXY,40.66950822989,-0.01346073388236,1,48651.2404547106,160.0,13
NGC1068,GALAXY-SEYFERT,40.66972078215,-0.01350313348109,1,48432.1362748843,80.0,11
NGC1068-CLOUD3,GALAXY-SPIRAL-SEYFERT-HOTSPOT-NL,40.6697625,-0.01311388888889,2,49049.9640106134,1350.0,22
NGC1068-CLOUD3,GALAXY-SPIRAL-SEYFERT-HOTSPOT-NL,40.6697625,-0.01311388888889,2,49050.0309552894,2000.0,22
NGC1068,GALAXY-SEYFERT-GALAXY,40.66946998139,-0.01344006541223,1,48670.1679646991,90.0,13
NGC1068,GALAXY-SPIRAL-SEYFERT-NUCLEUS-BL,40.66939109963,-0.01339229395866,1,49049.8985623843,120.0,26
NGC1068-SEQ1,GALAXY-SPIRAL-SEYFERT-NLR-JET,40.66977990369,-0.01341474077978,3,51453.3957198727,2775.0,24
NGC1068,GALAXY-SEYFERT-GALAXY,40.66946736272,-0.01344669257807,1,48651.1938922106,90.0,13
NGC1068-SEQ1,GALAXY-SPIRAL-SEYFERT-NLR-JET,40.66982369628,-0.01344892600403,3,51453.3316806366,2585.0,24
NGC1068,GALAXY-SPIRAL-SEYFERT-NUCLEUS-BL,40.66952114469,-0.01350308530077,1,49047.1661895833,160.0,26
NGC1068,GALAXY-SPIRAL-SEYFERT-NUCLEUS-BL,40.66929083236,-0.01294420075018,1,49049.8442570949,36.0,26
NGC1068,GALAXY-SPIRAL-SEYFERT-NUCLEUS-BL,40.6694223901,-0.01360431539269,1,49047.1537011921,80.0,26
NGC1068,GALAXY-SEYFERT,40.67006001094,-0.01318562825526,1,48432.750371794,24.0,11
NGC1068-CLOUD4,GALAXY-SPIRAL-SEYFERT-HOTSPOT-NL,40.66947396662,-0.01384073118525,2,49047.3533962963,1139.974,22
NGC1068-CLOUD4,GALAXY-SPIRAL-SEYFERT-HOTSPOT-NL,40.66947396662,-0.01384073118525,2,49047.4197853009,1139.974,22
NGC1068,GALAXY-SEYFERT,40.66997278014,-0.0138869798904,1,48432.0809736921,24.0,11
NGC1068-NUC,GALAXY-NUCLEUS-SEYFERT,40.67068774472,-0.01379677147761,1,48193.7877701042,1.2,10
NGC1068-NUC,GALAXY-NUCLEUS-SEYFERT,40.66844347027,-0.01342430434886,1,48283.6400310995,12.0,10
NGC1068,GALAXY-SPIRAL-SEYFERT-NUCLEUS-BL,40.66896374804,-0.01358221277401,1,49047.0987934838,24.0,26
NGC1068-NUC,GALAXY-NUCLEUS-SEYFERT,40.66958026568,-0.0135222160606,1,48196.3556577894,0.7,10
NGC1068-NUC,GALAXY-NUCLEUS-SEYFERT,40.66964921929,-0.01376176730268,1,48196.4157479977,53.76,10
NGC1068-NUC,GALAXY-NUCLEUS-SEYFERT,40.66943500953,-0.01465393646893,1,48196.3451934028,1.2,10
NGC1068-NUC,GALAXY-NUCLEUS-SEYFERT,40.66958026568,-0.0135222160606,1,48193.798215706,0.254375,10
NGC1068-NUC,GALAXY-NUCLEUS-SEYFERT,40.66972321449,-0.01381755010438,1,48193.8701099884,53.76,10
NGC1068-NUC,GALAXY-NUCLEUS-SEYFERT,40.66958026568,-0.0135222160606,1,48283.7699488079,53.76,10
NGC1068-NUC,GALAXY-NUCLEUS-SEYFERT,40.66956356262,-0.0135662981433,1,48196.4033736921,16.0,10
NGC1068-NUC,GALAXY-NUCLEUS-SEYFERT,40.66958026568,-0.0135222160606,2,48196.4214633912,300.0,10
NGC1068-NUC,GALAXY-NUCLEUS-SEYFERT,40.66958026568,-0.0135222160606,2,48196.4678870023,600.0,10
NGC1068-NUC,GALAXY-NUCLEUS-SEYFERT,40.66941248847,-0.01346653114651,1,48283.7017897801,80.0,10
NGC1068-NUC,GALAXY-NUCLEUS-SEYFERT,40.66923181506,-0.01304439589675,1,48283.651222419,28.0,10
NGC1068-NUC,GALAXY-NUCLEUS-SEYFERT,40.66953552509,-0.01350736675019,1,48283.7141856134,250.0,10
NGC1068-NUC,GALAXY-NUCLEUS-SEYFERT,40.66958026568,-0.0135222160606,2,48283.7752011921,1000.0,10
NGC1068-NUC,GALAXY-NUCLEUS-SEYFERT,40.66958026568,-0.0135222160606,2,48283.8351434028,1500.0,10
NGC1068-NUC,GALAXY-NUCLEUS-SEYFERT,40.66958026568,-0.0135222160606,2,48283.9029790857,700.0,10
NGC1068-NUC,GALAXY-NUCLEUS-SEYFERT,40.6696221322,-0.01354388209549,1,48193.8578871875,4.8,10
NGC1068-NUC,GALAXY-NUCLEUS-SEYFERT,40.66958026568,-0.0135222160606,2,48193.9273530903,300.0,10
NGC1068-NUC,GALAXY-NUCLEUS-SEYFERT,40.66958026568,-0.0135222160606,2,48193.9338809028,300.0,10
NGC1068-NUC,GALAXY-NUCLEUS-SEYFERT,40.66958026568,-0.0135222160606,2,48193.9961956829,300.0,10
NGC1068-POS1,GALAXY-STAR-FORMING-REGION-,40.66815239,-0.0107220075000961,1,,,29
NGC1068-POS1,GALAXY-STAR-FORMING-REGION-,40.66791666667,-0.01043888888889,1,50142.1938823264,0.0,29
SPYBAL,GALAXY-STAR-FORMING-REGION-,40.66791666667,-0.01043888888889,2,50142.2367353356,4.800000190735,29
NGC1068-POS1,GALAXY-STAR-FORMING-REGION-,40.66791666667,-0.01043888888889,2,50142.2373675579,3046.400634766,29
WAVE,CALIBRATION-WAVELENGTH-,40.66787083,-0.01061667,2,48244.5594035532,4.8,3
WAVE,CALIBRATION-WAVELENGTH-,40.66787083,-0.01061667,2,48244.5599185995,27.2,3
WAVE,CALIBRATION-WAVELENGTH-,40.66787083,-0.01061667,2,48244.5761685995,27.2,3
SPYBAL,GALAXY-STAR-FORMING-REGION-,40.66633333333,-0.01241111111111,2,50142.3113678241,4.800000190735,29
NGC1068-POS3,GALAXY-STAR-FORMING-REGION-,40.66633333333,-0.01241111111111,2,50142.3120188657,3046.400634766,29
NGC-1068,GALAXY-SEYFERT-SPIRAL,40.66958147511,-0.01313464278736,3,60363.1662381944,2364.0,17
NGC-1068,GALAXY-SEYFERT-SPIRAL,40.66958147511,-0.01313464278736,3,60365.2749767014,2364.0,17
NGC-1068,GALAXY-SEYFERT-SPIRAL,40.66958147511,-0.01313464278736,3,60368.1747337616,2364.0,17
NGC-1068,GALAXY-SEYFERT-SPIRAL,40.66958147511,-0.01313464278736,3,60357.1691319097,2365.0,17
NGC-1068,GALAXY-SEYFERT-SPIRAL,40.66958147511,-0.01313464278736,3,60357.2351504282,2357.0,17
NGC-1068,GALAXY-SEYFERT-SPIRAL,40.66956920906,-0.01316106712436,3,60297.5678216435,2364.0,17
NGC-1068,GALAXY-SEYFERT-SPIRAL,40.66956920906,-0.01316106712436,3,60297.6338868403,2356.0,17
NGC-1068,GALAXY-SEYFERT-SPIRAL,40.66956920906,-0.01316106712436,3,60314.3159816782,2364.0,17
NGC-1068,GALAXY-SEYFERT-SPIRAL,40.66956920906,-0.01316106712436,3,60314.3820116551,2356.0,17
NGC-1068,GALAXY-SEYFERT-SPIRAL,40.66956920906,-0.01316106712436,3,60319.1294664005,2364.0,17
NGC-1068,GALAXY-SEYFERT-SPIRAL,40.66956920906,-0.01316106712436,3,60323.3499179051,2364.0,17
NGC-1068,GALAXY-SEYFERT-SPIRAL,40.66956920906,-0.01316106712436,3,60328.2951956829,2364.0,17
NGC-1068,GALAXY-SEYFERT-SPIRAL,40.66956920906,-0.01316106712436,3,60328.3612371528,2356.0,17
NGC-1068,GALAXY-SEYFERT-SPIRAL,40.66956920906,-0.01316106712436,3,60330.3389571412,2364.0,17
NGC-1068,GALAXY-SEYFERT-SPIRAL,40.66956920906,-0.01316106712436,3,60342.4678345718,2364.0,17
NGC-1068,GALAXY-SEYFERT-SPIRAL,40.66956920906,-0.01316106712436,3,60342.5338645486,2356.0,17
NGC-1068,GALAXY-SEYFERT-SPIRAL,40.66956920906,-0.01316106712436,3,60350.1154745023,2364.0,17
NGC1068,GALAXY-SEYFERT-,40.6678705555556,-0.0106166666666667,1,,0.0,12
NGC1068,GALAXY-SEYFERT-,40.6678705555556,-0.0106166666666667,1,,0.0,12
NGC1068,GALAXY-SEYFERT-,40.66787083,-0.01061667,1,48244.4310760069,5.0,12
NGC1068,GALAXY-SEYFERT-,40.66787083,-0.01061667,1,48244.5085760069,0.2,12
NGC1068,GALAXY-SEYFERT-,40.66748883672,-0.01084471723303,2,48244.5616315625,1088.0,12
NGC1068,GALAXY-SEYFERT-,40.66748883672,-0.01084471723303,2,48244.5771871181,3264.0,12
WAVE,CALIBRATION-WAVELENGTH-,40.66748883672,-0.01084471723303,2,48244.6531072569,4.8,3
1070-52591-072,GALAXY-STAR-FORMING-REGION-STARB,40.66609958333,-0.01628888888888,2,57408.2273030093,430.0,30
1070-52591-072,GALAXY-STAR-FORMING-REGION-STARB,40.66609958333,-0.01628888888888,2,57765.2836355671,430.0,30
SPYBAL,GALAXY-STAR-FORMING-REGION-,40.67270833333,-0.01032777777778,2,50141.9856704861,4.800000190735,29
NGC1068-POS4,GALAXY-STAR-FORMING-REGION-,40.67270833333,-0.01032777777778,2,50141.9863244213,3046.400634766,29
NGC1068-POS4,GALAXY-STAR-FORMING-REGION-,40.67270833333,-0.01032777777778,2,50142.1138938657,3046.400634766,29
SPYBAL,GALAXY-STAR-FORMING-REGION-,40.666125,-0.01616111111111,2,50142.3860900463,4.800000190735,29
NGC1068-POS8A,GALAXY-STAR-FORMING-REGION-,40.666125,-0.01616111111111,2,50142.3867411227,2611.199462891,29
NGC1068-POS8A,GALAXY-STAR-FORMING-REGION-,40.666125,-0.01616111111111,2,50142.4534540856,2611.199462891,29
1070-52591-072,GALAXY-STAR-FORMING-REGION-STARBURST,40.66609958333,-0.01628888888888,3,57408.2411215278,1205.0,31
1070-52591-072,GALAXY-STAR-FORMING-REGION-STARBURST,40.66609958333,-0.01628888888888,3,57765.2974537037,7368.576,31
HI-LAT,UNIDENTIFIED-HIGH-LATITUDE-FIELD,40.6820269444444,-0.0353386111111111,2,49254.5543591782,1200.0,35
HI-LAT,UNIDENTIFIED-HIGH-LATITUDE-FIELD,40.6820269444444,-0.0353386111111111,2,49254.6092202893,2100.0,35
HI-LAT,UNIDENTIFIED-HIGH-LATITUDE-FIELD,40.6820269444444,-0.0353386111111111,2,49254.675886956,2100.0,35
HI-LAT,UNIDENTIFIED-HIGH-LATITUDE-FIELD,40.6820269444444,-0.0353386111111111,2,49254.7432480671,2100.0,35
HI-LAT,UNIDENTIFIED-HIGH-LATITUDE-FIELD,40.6820269444444,-0.0353386111111111,2,49254.8099147338,2100.0,35
HI-LAT,UNIDENTIFIED-HIGH-LATITUDE-FIELD,40.6820269444444,-0.0353386111111111,2,49254.8751925116,2100.0,35
HI-LAT,UNIDENTIFIED-HIGH-LATITUDE-FIELD,40.6820269444444,-0.0353386111111111,2,49254.9564425116,1200.0,35
EARTH-CALIB,CALIBRATION-FLAT-FIELD,0.0,0.0,1,49254.9140799769,350.0,1
EARTH-CALIB,CALIBRATION-FLAT-FIELD,0.0,0.0,1,49254.9196354977,350.0,1
NGC1068,GALAXY-SPIRAL-NUCLEUS,40.669625,-0.01328055555556,3,52938.9680267,700.0,20
NGC1068,GALAXY-DISK-SPIRAL-STAR-FORMING-REGION,40.66962,-0.01328888888889,3,60569.73526292,2075.0,8
NGC1068,GALAXY-DISK-SPIRAL-STAR-FORMING-REGION,40.66962,-0.01328888888889,3,60569.72342255,1050.0,8
NGC1068,GALAXY-DISK-SPIRAL-STAR-FORMING-REGION,40.66962,-0.01328888888889,3,60569.74561033,625.0,8
NGC1068,GALAXY-DISK-SPIRAL-STAR-FORMING-REGION,40.66962,-0.01328888888889,3,60569.719117,749.0,8
NGC1068,GALAXY-DISK-SPIRAL-STAR-FORMING-REGION,40.66962,-0.01328888888889,3,60569.729337,1000.0,8
NGC1068,GALAXY-DISK-SPIRAL-STAR-FORMING-REGION,40.66962,-0.01328888888889,3,60564.84959144,2020.0,8
NGC1068-OFF,GALAXY-SEYFERT-SPIRAL,40.71020833333,-0.02798888888889,3,52647.7779628,300.7955,17
NGC1068,GALAXY-SEYFERT-SPIRAL,40.67803572659,-0.002715604805719,3,50864.8542910069,768.0,17
NGC1068,GALAXY-SEYFERT-SPIRAL,40.67805430981,-0.002717628806948,3,50865.5264206366,1024.0,17
NGC1068,GALAXY-SEYFERT-SPIRAL,40.67805151194,-0.002706406053794,3,50865.5426243403,1024.0,17
NGC1068,GALAXY-SEYFERT-SPIRAL,40.67804720796,-0.002712977301225,3,50865.59365741,1024.0,17
NGC1068,GALAXY-SEYFERT-SPIRAL,40.67804328225,-0.002690182465879,3,50865.60986111,1024.0,17
NGC1068,GALAXY-SEYFERT-SPIRAL,40.66461488985,-0.02129412385036,3,50865.5264199074,1024.0,17
NGC1068,GALAXY-SEYFERT-SPIRAL,40.66462141561,-0.0212995879932,3,50865.54263889,1024.0,17
NGC1068,GALAXY-SEYFERT-SPIRAL,40.66462557124,-0.02128732638591,3,50865.5936420949,1024.0,17
NGC1068,GALAXY-SEYFERT-SPIRAL,40.66463429737,-0.02128549341644,3,50865.6098458333,1024.0,17
NGC1068,GALAXY-SEYFERT-SPIRAL,40.66463111145,-0.02127351848762,3,50864.8542902431,768.0,17
NGC1068,GALAXY-SEYFERT-SPIRAL,40.66458287301,-0.02135524095167,3,50865.3920102662,384.0,17
NGC1068,GALAXY-SEYFERT-SPIRAL,40.66458312867,-0.0213554062142,3,50865.3997338,384.0,17
NGC1068,GALAXY-SEYFERT-SPIRAL,40.67459154523,-0.005349468065686,3,50865.14736111,384.0,17
NGC1068,GALAXY-SEYFERT-SPIRAL,40.67460515888,-0.005350679514674,3,50865.19362269,384.0,17
NGC1068,GALAXY-SEYFERT-SPIRAL,40.6745972928,-0.005353298997051,3,50865.2575650463,384.0,17
NGC1068,GALAXY-SEYFERT-SPIRAL,40.67459436966,-0.005353884706333,3,50865.26530093,384.0,17
NGC1068,GALAXY-SEYFERT-SPIRAL,40.6746256048,-0.00528727092814,3,50865.3247641204,1024.0,17
NGC1068,GALAXY-SEYFERT-SPIRAL,40.67463864983,-0.005286090257625,3,50865.3409678241,1024.0,17
NGC1068,GALAXY-SEYFERT-SPIRAL,40.67463865469,-0.005286082973683,3,50865.4591853356,1024.0,17
NGC1068,GALAXY-SEYFERT-SPIRAL,40.67464280811,-0.005285260662061,3,50865.47542824,1024.0,17
NGC1068,GALAXY-SEYFERT-SPIRAL,40.66146119675,-0.02369264465386,3,50828.6402256134,1024.0,17
NGC1068,GALAXY-SEYFERT-SPIRAL,40.66145236742,-0.0236743907575,3,50828.65644676,1024.0,17
EARTH-CALIB,CALIBRATION-FLAT-FIELD,0.0,0.0,1,49253.6411632755,0.109999999404,1
EARTH-CALIB,CALIBRATION-FLAT-FIELD,0.0,0.0,1,49253.6425521644,0.109999999404,1
EARTH-CALIB,CALIBRATION-FLAT-FIELD,0.0,0.0,1,49253.6453299421,80.0,1
EARTH-CALIB,CALIBRATION-FLAT-FIELD,0.0,0.0,1,49253.6474132755,80.0,1
EARTH-CALIB,CALIBRATION-FLAT-FIELD,0.0,0.0,1,49253.6508854977,80.0,1
EARTH-CALIB,CALIBRATION-FLAT-FIELD,0.0,0.0,1,49253.652968831,80.0,1
NGC1068-OFF,GALAXY-SEYFERT-SPIRAL,40.71020833333,-0.02798888888889,3,52647.7920831829,0.7955,17
NGC1068,GALAXY-SPIRAL-NUCLEUS,40.669625,-0.01328055555556,3,52938.9645430208,120.0,20
NGC1068,GALAXY-SEYFERT-SPIRAL,40.68306915598,0.005307625118461,3,50865.324765706,1024.0,17
NGC1068,GALAXY-SEYFERT-SPIRAL,40.68304814408,0.005291039020463,3,50865.34100694,1024.0,17
NGC1068,GALAXY-SEYFERT-SPIRAL,40.68304588253,0.005282422349622,3,50865.45922454,1024.0,17
NGC1068,GALAXY-SEYFERT-SPIRAL,40.68305525206,0.005286396872421,3,50865.47542824,1024.0,17
EARTH-CALIB,CALIBRATION-FLAT-FIELD,0.0,0.0,1,49254.9807466088,500.0,1
EARTH-CALIB,CALIBRATION-FLAT-FIELD,0.0,0.0,1,49254.9876910532,500.0,1
EARTH-CALIB,CALIBRATION-FLAT-FIELD,0.0,0.0,1,49254.6460243866,80.0,1
EARTH-CALIB,CALIBRATION-FLAT-FIELD,0.0,0.0,1,49254.6481077199,80.0,1
EARTH-CALIB,CALIBRATION-FLAT-FIELD,0.0,0.0,1,49254.6515799421,26.0,1
EARTH-CALIB,CALIBRATION-FLAT-FIELD,0.0,0.0,1,49254.652968831,26.0,1
EARTH-CALIB,CALIBRATION-FLAT-FIELD,0.0,0.0,1,49254.6557466088,26.0,1
EARTH-CALIB,CALIBRATION-FLAT-FIELD,0.0,0.0,1,49254.6571354977,26.0,1
EARTH-CALIB,CALIBRATION-FLAT-FIELD,0.0,0.0,1,49254.8474132755,26.0,1
EARTH-CALIB,CALIBRATION-FLAT-FIELD,0.0,0.0,1,49254.8488021643,26.0,1
EARTH-CALIB,CALIBRATION-FLAT-FIELD,0.0,0.0,1,49254.8515799769,30.0,1
EARTH-CALIB,CALIBRATION-FLAT-FIELD,0.0,0.0,1,49254.8529688657,30.0,1
EARTH-CALIB,CALIBRATION-FLAT-FIELD,0.0,0.0,1,49254.8557466088,30.0,1
EARTH-CALIB,CALIBRATION-FLAT-FIELD,0.0,0.0,1,49254.8571354977,30.0,1
NGC1068,GALAXY-SEYFERT-SPIRAL,40.65702504766,-0.03197618819111,3,50828.6402263542,1024.0,17
NGC1068,GALAXY-SEYFERT-SPIRAL,40.6570142867,-0.03199534056176,3,50828.65644676,1024.0,17
EARTH-CALIB,CALIBRATION-FLAT-FIELD,0.0,0.0,1,49254.5126910532,8.0,1
EARTH-CALIB,CALIBRATION-FLAT-FIELD,0.0,0.0,1,49254.5140799421,8.0,1
EARTH-CALIB,CALIBRATION-FLAT-FIELD,0.0,0.0,1,49254.5168577199,8.0,1
EARTH-CALIB,CALIBRATION-FLAT-FIELD,0.0,0.0,1,49254.5182466088,8.0,1
EARTH-CALIB,CALIBRATION-FLAT-FIELD,0.0,0.0,1,49254.5210243866,5.0,1
EARTH-CALIB,CALIBRATION-FLAT-FIELD,0.0,0.0,1,49254.5224132755,5.0,1
EARTH-CALIB,CALIBRATION-FLAT-FIELD,0.0,0.0,1,49253.5751910532,500.0,1
EARTH-CALIB,CALIBRATION-FLAT-FIELD,0.0,0.0,1,49253.5821354977,500.0,1
INTFLAT,CALIBRATION-FLAT-FIELD,0.0,0.0,2,49050.0634032407,7.0,1
NGC1068-OFF,GALAXY-SEYFERT-SPIRAL,40.71020833333,-0.02798888888889,3,52647.7779628,300.7955,17
INTFLAT,CALIBRATION-FLAT-FIELD,0.0,0.0,2,48670.4432570255,360.0,1
INTFLAT,CALIBRATION-FLAT-FIELD,0.0,0.0,2,48670.4502014699,360.0,1
BIAS,CALIBRATION-BIAS-,0.0,0.0,2,49050.0682643519,0.0,0
INTFLAT,CALIBRATION-FLAT-FIELD,0.0,0.0,2,49050.0682643519,35.0,1
NGC1068-KNT1-OFFSET,GALAXY-STARBURST-KNOT,40.72434416667,-0.002811777777778,2,49253.6051731829,2199.959960938,32
NGC1068-KNT1-OFFSET,GALAXY-STARBURST-KNOT,40.72434416667,-0.002811777777778,2,49253.6702079861,2199.959960938,32
NGC1068-KNT1-OFFSET,GALAXY-STARBURST-KNOT,40.72434416667,-0.002811777777778,2,49253.7371408218,2199.959960938,32
